{
	"variants": {
		"facing=north,slot_0_occupied=false,slot_1_occupied=false,slot_2_occupied=false,slot_3_occupied=false,slot_4_occupied=false,slot_5_occupied=true": { "model": "shieldcity:block/barrel_black" },
		"facing=north,slot_0_occupied=false,slot_1_occupied=false,slot_2_occupied=false,slot_3_occupied=false,slot_4_occupied=true,slot_5_occupied=false": { "model": "shieldcity:block/barrel_white" },
		"facing=north,slot_0_occupied=false,slot_1_occupied=false,slot_2_occupied=false,slot_3_occupied=false,slot_4_occupied=true,slot_5_occupied=true": { "model": "shieldcity:block/barrel_blue" },
		"facing=north,slot_0_occupied=false,slot_1_occupied=false,slot_2_occupied=false,slot_3_occupied=true,slot_4_occupied=false,slot_5_occupied=false": { "model": "shieldcity:block/barrel_green" },
		"facing=north,slot_0_occupied=false,slot_1_occupied=false,slot_2_occupied=false,slot_3_occupied=true,slot_4_occupied=false,slot_5_occupied=true": { "model": "shieldcity:block/barrel_purple" },
		"facing=north,slot_0_occupied=false,slot_1_occupied=false,slot_2_occupied=false,slot_3_occupied=true,slot_4_occupied=true,slot_5_occupied=false": { "model": "shieldcity:block/barrel_red" },
		"facing=north,slot_0_occupied=false,slot_1_occupied=false,slot_2_occupied=false,slot_3_occupied=true,slot_4_occupied=true,slot_5_occupied=true": { "model": "shieldcity:block/barrel_gold" },
		"facing=north,slot_0_occupied=false,slot_1_occupied=false,slot_2_occupied=true,slot_3_occupied=false,slot_4_occupied=false,slot_5_occupied=false": { "model": "shieldcity:block/infinity" },
		"facing=north,slot_0_occupied=false,slot_1_occupied=false,slot_2_occupied=true,slot_3_occupied=false,slot_4_occupied=false,slot_5_occupied=true": { "model": "shieldcity:block/composite" }
	}
}