{
	"textures": {
		"particle": "#top"
	},
	"elements": [
		{
			"from": [1, 1, 1],
			"to": [15, 15, 15],
			"faces": {
				"north": {"uv": [15, 1, 1, 15], "texture": "#side"},
				"east": {"uv": [1, 1, 15, 15], "texture": "#side"},
				"south": {"uv": [15, 1, 1, 15], "texture": "#side"},
				"west": {"uv": [1, 1, 15, 15], "texture": "#side"},
				"up": {"uv": [15, 15, 1, 1], "texture": "#top"}
			}
		},
		{
			"from": [0, 0, 1],
			"to": [16, 1, 15],
			"faces": {
				"north": {"uv": [0, 2, 16, 1], "texture": "#bottom"},
				"east": {"uv": [15, 1, 16, 15], "rotation": 270, "texture": "#bottom", "cullface": "east"},
				"south": {"uv": [0, 15, 16, 14], "texture": "#bottom"},
				"west": {"uv": [0, 1, 1, 15], "rotation": 90, "texture": "#bottom", "cullface": "west"},
				"up": {"uv": [0, 15, 16, 1], "texture": "#bottom"},
				"down": {"uv": [0, 1, 16, 15], "texture": "#bottom", "cullface": "down"}
			}
		},
		{
			"from": [0, 15, 1],
			"to": [1, 16, 15],
			"faces": {
				"north": {"uv": [1, 2, 0, 1], "texture": "#top"},
				"east": {"uv": [1, 15, 0, 1], "rotation": 270, "texture": "#top"},
				"south": {"uv": [1, 15, 0, 14], "texture": "#top"},
				"west": {"uv": [1, 15, 0, 1], "rotation": 90, "texture": "#top", "cullface": "west"},
				"up": {"uv": [1, 15, 0, 1], "rotation": 180, "texture": "#top", "cullface": "up"},
				"down": {"uv": [1, 15, 0, 1], "texture": "#top"}
			}
		},
		{
			"from": [15, 15, 1],
			"to": [16, 16, 15],
			"faces": {
				"north": {"uv": [16, 2, 15, 1], "rotation": 180, "texture": "#top"},
				"east": {"uv": [16, 15, 15, 1], "rotation": 270, "texture": "#top", "cullface": "east"},
				"south": {"uv": [16, 15, 15, 14], "rotation": 180, "texture": "#top"},
				"west": {"uv": [16, 15, 15, 1], "rotation": 90, "texture": "#top"},
				"up": {"uv": [16, 15, 15, 1], "rotation": 180, "texture": "#top", "cullface": "up"},
				"down": {"uv": [16, 15, 15, 1], "texture": "#top"}
			}
		},
		{
			"from": [11, 15, 3],
			"to": [13, 16, 5],
			"faces": {
				"north": {"uv": [5, 13, 3, 12], "rotation": 180, "texture": "#top"},
				"east": {"uv": [5, 13, 4, 11], "rotation": 90, "texture": "#top"},
				"south": {"uv": [5, 12, 3, 11], "texture": "#top"},
				"west": {"uv": [4, 13, 5, 11], "rotation": 270, "texture": "#top"},
				"up": {"uv": [5, 13, 3, 11], "texture": "#top", "cullface": "up"}
			}
		},
		{
			"from": [1, 0, 15],
			"to": [15, 1, 16],
			"faces": {
				"east": {"uv": [2, 16, 1, 15], "texture": "#bottom"},
				"south": {"uv": [15, 16, 1, 15], "texture": "#bottom", "cullface": "south"},
				"west": {"uv": [15, 16, 14, 15], "texture": "#bottom"},
				"up": {"uv": [15, 16, 1, 15], "texture": "#bottom"},
				"down": {"uv": [15, 16, 1, 15], "texture": "#bottom", "cullface": "down"}
			}
		},
		{
			"from": [1, 15, 15],
			"to": [15, 16, 16],
			"faces": {
				"north": {"uv": [1, 15, 15, 16], "rotation": 180, "texture": "#top"},
				"east": {"uv": [14, 15, 15, 16], "texture": "#top"},
				"south": {"uv": [1, 15, 15, 16], "texture": "#top", "cullface": "south"},
				"west": {"uv": [1, 15, 2, 16], "texture": "#top"},
				"up": {"uv": [1, 15, 15, 16], "texture": "#top", "cullface": "up"},
				"down": {"uv": [1, 15, 15, 16], "texture": "#top"}
			}
		},
		{
			"from": [1, 0, 0],
			"to": [15, 1, 1],
			"faces": {
				"north": {"uv": [1, 0, 15, 1], "texture": "#bottom", "cullface": "north"},
				"east": {"uv": [1, 0, 2, 1], "texture": "#bottom"},
				"west": {"uv": [14, 0, 15, 1], "texture": "#bottom"},
				"up": {"uv": [1, 0, 15, 1], "rotation": 180, "texture": "#bottom"},
				"down": {"uv": [1, 0, 15, 1], "rotation": 180, "texture": "#bottom", "cullface": "down"}
			}
		},
		{
			"from": [1, 15, 0],
			"to": [15, 16, 1],
			"faces": {
				"north": {"uv": [1, 0, 15, 1], "rotation": 180, "texture": "#top", "cullface": "north"},
				"east": {"uv": [14, 0, 15, 1], "texture": "#top"},
				"south": {"uv": [1, 0, 15, 1], "texture": "#top"},
				"west": {"uv": [1, 0, 2, 1], "texture": "#top"},
				"up": {"uv": [1, 0, 15, 1], "texture": "#top", "cullface": "up"},
				"down": {"uv": [1, 0, 15, 1], "texture": "#top"}
			}
		},
		{
			"from": [0.5, 10, 1],
			"to": [1.5, 11, 15],
			"faces": {
				"north": {"uv": [1, 5, 2, 6], "texture": "#side"},
				"south": {"uv": [14, 5, 15, 6], "texture": "#side"},
				"west": {"uv": [1, 5, 15, 6], "texture": "#side"},
				"up": {"uv": [1, 5, 15, 6], "rotation": 90, "texture": "#side"},
				"down": {"uv": [1, 5, 15, 6], "rotation": 270, "texture": "#side"}
			}
		},
		{
			"from": [14.5, 10, 1],
			"to": [15.5, 11, 15],
			"rotation": {"angle": 0, "axis": "y", "origin": [16, 0, 0]},
			"faces": {
				"north": {"uv": [2, 5, 1, 6], "texture": "#side"},
				"east": {"uv": [15, 5, 1, 6], "texture": "#side"},
				"south": {"uv": [15, 5, 14, 6], "texture": "#side"},
				"up": {"uv": [1, 6, 15, 5], "rotation": 90, "texture": "#side"},
				"down": {"uv": [1, 6, 15, 5], "rotation": 270, "texture": "#side"}
			}
		},
		{
			"from": [0.5, 5, 1],
			"to": [1.5, 6, 15],
			"faces": {
				"north": {"uv": [1, 10, 2, 11], "texture": "#side"},
				"south": {"uv": [14, 10, 15, 11], "texture": "#side"},
				"west": {"uv": [1, 10, 15, 11], "texture": "#side"},
				"up": {"uv": [1, 10, 15, 11], "rotation": 90, "texture": "#side"},
				"down": {"uv": [1, 10, 15, 11], "rotation": 270, "texture": "#side"}
			}
		},
		{
			"from": [14.5, 5, 1],
			"to": [15.5, 6, 15],
			"rotation": {"angle": 0, "axis": "y", "origin": [16, 0, 0]},
			"faces": {
				"north": {"uv": [2, 10, 1, 11], "texture": "#side"},
				"east": {"uv": [15, 10, 1, 11], "texture": "#side"},
				"south": {"uv": [15, 10, 14, 11], "texture": "#side"},
				"up": {"uv": [1, 11, 15, 10], "rotation": 90, "texture": "#side"},
				"down": {"uv": [1, 11, 15, 10], "rotation": 270, "texture": "#side"}
			}
		},
		{
			"from": [1, 5, 0.5],
			"to": [15, 6, 1.5],
			"faces": {
				"north": {"uv": [1, 10, 15, 11], "texture": "#side"},
				"east": {"uv": [1, 10, 2, 11], "texture": "#side"},
				"west": {"uv": [14, 10, 15, 11], "texture": "#side"},
				"up": {"uv": [1, 10, 15, 11], "rotation": 180, "texture": "#side"},
				"down": {"uv": [1, 10, 15, 11], "rotation": 180, "texture": "#side"}
			}
		},
		{
			"from": [1, 10, 0.5],
			"to": [15, 11, 1.5],
			"faces": {
				"north": {"uv": [1, 5, 15, 6], "texture": "#side"},
				"east": {"uv": [1, 5, 2, 6], "texture": "#side"},
				"west": {"uv": [14, 5, 15, 6], "texture": "#side"},
				"up": {"uv": [1, 5, 15, 6], "rotation": 180, "texture": "#side"},
				"down": {"uv": [1, 5, 15, 6], "rotation": 180, "texture": "#side"}
			}
		},
		{
			"from": [1, 10, 14.5],
			"to": [15, 11, 15.5],
			"rotation": {"angle": 0, "axis": "y", "origin": [0, 0, 16]},
			"faces": {
				"east": {"uv": [2, 5, 1, 6], "texture": "#side"},
				"south": {"uv": [15, 5, 1, 6], "texture": "#side"},
				"west": {"uv": [15, 5, 14, 6], "texture": "#side"},
				"up": {"uv": [1, 6, 15, 5], "rotation": 180, "texture": "#side"},
				"down": {"uv": [1, 6, 15, 5], "rotation": 180, "texture": "#side"}
			}
		},
		{
			"from": [1, 5, 14.5],
			"to": [15, 6, 15.5],
			"rotation": {"angle": 0, "axis": "y", "origin": [0, 0, 16]},
			"faces": {
				"east": {"uv": [2, 10, 1, 11], "texture": "#side"},
				"south": {"uv": [15, 10, 1, 11], "texture": "#side"},
				"west": {"uv": [15, 10, 14, 11], "texture": "#side"},
				"up": {"uv": [1, 11, 15, 10], "rotation": 180, "texture": "#side"},
				"down": {"uv": [1, 11, 15, 10], "rotation": 180, "texture": "#side"}
			}
		}
	],
	"display": {
		"thirdperson_righthand": {
			"rotation": [75, 45, 0],
			"translation": [0, 2.5, 0],
			"scale": [0.375, 0.375, 0.375]
		},
		"thirdperson_lefthand": {
			"rotation": [75, 45, 0],
			"translation": [0, 2.5, 0],
			"scale": [0.375, 0.375, 0.375]
		},
		"firstperson_righthand": {
			"rotation": [0, 45, 0],
			"scale": [0.4, 0.4, 0.4]
		},
		"firstperson_lefthand": {
			"rotation": [0, 225, 0],
			"scale": [0.4, 0.4, 0.4]
		},
		"ground": {
			"translation": [0, 3, 0],
			"scale": [0.25, 0.25, 0.25]
		},
		"gui": {
			"rotation": [30, 225, 0],
			"scale": [0.625, 0.625, 0.625]
		},
		"fixed": {
			"scale": [0.5, 0.5, 0.5]
		}
	}
}