{
	"credit": "Created by Mickey Joe Alpha - http://YouTube.com/@MushirMickeyJoe",
	"ambientocclusion": false,
	"textures": {
		"particle": "block/poppy"
	},
	"elements": [
		{
			"from": [8, 0, 5],
			"to": [8, 7, 12],
			"shade": false,
			"rotation": {"angle": -45, "axis": "y", "origin": [8.025, 5.5, 8]},
			"faces": {
				"east": {"uv": [9, 9, 16, 16], "texture": "#particle"},
				"west": {"uv": [9, 9, 16, 16], "texture": "#particle"}
			}
		},
		{
			"from": [4.05, 0, 8],
			"to": [11.05, 7, 8],
			"shade": false,
			"rotation": {"angle": -45, "axis": "y", "origin": [8.025, 5.5, 8]},
			"faces": {
				"north": {"uv": [9, 9, 16, 16], "texture": "#particle"},
				"south": {"uv": [9, 9, 16, 16], "texture": "#particle"}
			}
		},
		{
			"from": [7, 0, 8],
			"to": [8, 6, 8],
			"shade": false,
			"rotation": {"angle": 0, "axis": "z", "origin": [6, 0, 6]},
			"faces": {
				"north": {"uv": [2, 10, 3, 16], "texture": "#particle"},
				"south": {"uv": [3, 10, 2, 16], "texture": "#particle"}
			}
		},
		{
			"from": [7.5, 5.1, 8],
			"to": [10.5, 8.1, 8],
			"shade": false,
			"rotation": {"angle": 45, "axis": "z", "origin": [7.5, 5.1, 8]},
			"faces": {
				"north": {"uv": [0, 6, 3, 9], "texture": "#particle"},
				"south": {"uv": [3, 6, 0, 9], "texture": "#particle"}
			}
		},
		{
			"from": [8.5, 6.1, 6],
			"to": [11.5, 6.1, 10],
			"shade": false,
			"rotation": {"angle": 45, "axis": "z", "origin": [7.5, 5.1, 8]},
			"faces": {
				"up": {"uv": [7, 0, 10, 4], "texture": "#particle"},
				"down": {"uv": [7, 4, 10, 0], "texture": "#particle"}
			}
		},
		{
			"from": [8.0601, 6.39393, 5],
			"to": [12.0601, 6.39393, 11],
			"shade": false,
			"rotation": {"angle": 22.5, "axis": "z", "origin": [7.5, 5.1, 8]},
			"faces": {
				"up": {"uv": [14, 0, 10, 6], "texture": "#particle"},
				"down": {"uv": [14, 6, 10, 0], "texture": "#particle"}
			}
		},
		{
			"from": [2.9399, 6.39393, 5],
			"to": [6.9399, 6.39393, 11],
			"shade": false,
			"rotation": {"angle": -22.5, "axis": "z", "origin": [7.5, 5.1, 8]},
			"faces": {
				"up": {"uv": [3, 0, 7, 6], "texture": "#particle"},
				"down": {"uv": [3, 6, 7, 0], "texture": "#particle"}
			}
		},
		{
			"from": [8.5, 6.1, 6],
			"to": [8.5, 9.1, 10],
			"shade": false,
			"rotation": {"angle": 45, "axis": "z", "origin": [7.5, 5.1, 8]},
			"faces": {
				"east": {"uv": [3, 0, 0, 4], "rotation": 90, "texture": "#particle"},
				"west": {"uv": [3, 4, 0, 0], "rotation": 90, "texture": "#particle"}
			}
		}
	],
	"gui_light": "front",
	"display": {
		"thirdperson_righthand": {
			"rotation": [0, -45, 0],
			"translation": [-0.5, 8, 1.25]
		},
		"thirdperson_lefthand": {
			"rotation": [0, -45, 0],
			"translation": [-0.5, 8, 1.25]
		},
		"firstperson_righthand": {
			"rotation": [17, -54, 21],
			"translation": [1.88, 4.95, 1.13],
			"scale": [0.68, 0.68, 0.68]
		},
		"firstperson_lefthand": {
			"rotation": [17, -54, 21],
			"translation": [1.88, 4.95, 1.13],
			"scale": [0.68, 0.68, 0.68]
		},
		"ground": {
			"translation": [0, 3, 0],
			"scale": [0.5, 0.5, 0.5]
		},
		"gui": {
			"rotation": [48.38, 0.07, 33.89],
			"translation": [-1.5, 2.75, 0],
			"scale": [1.6, 1.6, 1.6]
		},
		"head": {
			"rotation": [-45, 0, -90],
			"translation": [5, -4.5, -7.75]
		},
		"fixed": {
			"rotation": [-40, -45, 0],
			"translation": [0.75, 3.75, -6.25],
			"scale": [2, 2, 2]
		}
	}
}