{
	"credit": "Created by Mickey Joe Alpha - http://YouTube.com/@MushirMickeyJoe",
	"ambientocclusion": false,
	"textures": {
		"particle": "block/red_tulip"
	},
	"elements": [
		{
			"from": [6.9, 14.8, 6.5],
			"to": [9.9, 18.8, 9.5],
			"shade": false,
			"rotation": {"angle": -22.5, "axis": "z", "origin": [8.4, 14.8, 8]},
			"faces": {
				"north": {"uv": [3, 0, 6, 4], "texture": "#particle"},
				"east": {"uv": [0, 0, 3, 4], "texture": "#particle"},
				"south": {"uv": [6, 0, 3, 4], "texture": "#particle"},
				"west": {"uv": [6, 0, 9, 4], "texture": "#particle"},
				"down": {"uv": [12, 0, 9, 3], "texture": "#particle"}
			}
		},
		{
			"from": [6.9, 15.8, 6.5],
			"to": [9.9, 15.8, 9.5],
			"shade": false,
			"rotation": {"angle": -22.5, "axis": "z", "origin": [8.4, 14.8, 8]},
			"faces": {
				"up": {"uv": [15, 3, 12, 0], "rotation": 90, "texture": "#particle"}
			}
		},
		{
			"from": [9.9, 18.8, 9.5],
			"to": [6.9, 14.8, 6.5],
			"shade": false,
			"rotation": {"angle": -22.5, "axis": "z", "origin": [8.4, 14.8, 8]},
			"faces": {
				"north": {"uv": [12, 7, 9, 3], "texture": "#particle"},
				"east": {"uv": [9, 7, 12, 3], "texture": "#particle"},
				"south": {"uv": [9, 7, 12, 3], "texture": "#particle"},
				"west": {"uv": [9, 7, 12, 3], "texture": "#particle"}
			}
		},
		{
			"from": [7, 4, 8],
			"to": [9, 15, 8],
			"shade": false,
			"rotation": {"angle": 0, "axis": "y", "origin": [6, 4, 6]},
			"faces": {
				"north": {"uv": [13, 5, 15, 16], "texture": "#particle"},
				"south": {"uv": [15, 5, 13, 16], "texture": "#particle"}
			}
		}
	]
}