{
	"parent": "minecraft:block/chiseled_bookshelf_inventory",
    "overrides": [
		{ "predicate": { "custom_model_data": 2000001 }, "model": "shieldcity:block/barrel_black" },
		{ "predicate": { "custom_model_data": 2000010 }, "model": "shieldcity:block/barrel_white" },
		{ "predicate": { "custom_model_data": 2000011 }, "model": "shieldcity:block/barrel_blue" },
		{ "predicate": { "custom_model_data": 2000100 }, "model": "shieldcity:block/barrel_green" },
		{ "predicate": { "custom_model_data": 2000101 }, "model": "shieldcity:block/barrel_purple" },
		{ "predicate": { "custom_model_data": 2000110 }, "model": "shieldcity:block/barrel_red" },
		{ "predicate": { "custom_model_data": 2000111 }, "model": "shieldcity:block/barrel_gold" },
		{ "predicate": { "custom_model_data": 2001000 }, "model": "shieldcity:block/infinity" }
	]
}