{
	"parent": "minecraft:item/generated",
	"textures": {
		"layer0": "minecraft:item/knowledge_book"
	},
    "overrides": [
		{ "predicate": { "custom_model_data": 25 }, "model": "shieldcity:item/exp_orb1" },
		{ "predicate": { "custom_model_data": 26 }, "model": "shieldcity:item/exp_orb2" },
		{ "predicate": { "custom_model_data": 27 }, "model": "shieldcity:item/exp_orb3" },
		{ "predicate": { "custom_model_data": 28 }, "model": "shieldcity:item/exp_orb4" },
		{ "predicate": { "custom_model_data": 29 }, "model": "shieldcity:item/exp_orb5" },
		{ "predicate": { "custom_model_data": 30 }, "model": "shieldcity:item/exp_orb6" },
		{ "predicate": { "custom_model_data": 31 }, "model": "shieldcity:item/exp_orb7" }
	]
}