{
	"parent": "minecraft:item/generated",
	"textures": {
		"layer0": "minecraft:item/knowledge_book"
	},
    "overrides": [
		{ "predicate": { "custom_model_data": 25 }, "model": "shieldcity:item/exp_book1" },
		{ "predicate": { "custom_model_data": 26 }, "model": "shieldcity:item/exp_book2" },
		{ "predicate": { "custom_model_data": 27 }, "model": "shieldcity:item/exp_book3" },
		{ "predicate": { "custom_model_data": 28 }, "model": "shieldcity:item/exp_book4" },
		{ "predicate": { "custom_model_data": 29 }, "model": "shieldcity:item/exp_book5" },
		{ "predicate": { "custom_model_data": 30 }, "model": "shieldcity:item/exp_book6" },
		{ "predicate": { "custom_model_data": 31 }, "model": "shieldcity:item/exp_book7" }
	]
}