{
	"credit": "Created by Mickey Joe Alpha - http://YouTube.com/@MushirMickeyJoe",
    "parent": "block/oxeye_daisy",
	"gui_light": "front",
	"display": {
		"thirdperson_righthand": {
			"rotation": [0, -90, 0],
			"translation": [-0.5, 6, 1.25]
		},
		"thirdperson_lefthand": {
			"rotation": [0, -90, 0],
			"translation": [-0.5, 6, 1.25]
		},
		"firstperson_righthand": {
			"rotation": [-1, 130, -10],
			"translation": [2.63, 5, 0.63],
			"scale": [0.68, 0.68, 0.68]
		},
		"firstperson_lefthand": {
			"rotation": [-1, 130, -10],
			"translation": [2.63, 5, 0.63],
			"scale": [0.68, 0.68, 0.68]
		},
		"ground": {
			"translation": [0, 3, 0],
			"scale": [0.5, 0.5, 0.5]
		},
		"gui": {
			"rotation": [-26, 42, 62],
			"translation": [0.75, -0.5, 0],
			"scale": [1.24, 1.24, 1.24]
		},
		"head": {
			"rotation": [90, 0, -90],
			"translation": [4.25, -3.75, -7.25]
		},
		"fixed": {
			"rotation": [-29, 90, 0],
			"translation": [-0.75, 4.5, -6.75],
			"scale": [2, 2, 2]
		}
	}
}