{
	"parent": "minecraft:item/handheld",
	"textures": {
		"layer0": "minecraft:item/stick"
	},
    "overrides": [
		{ "predicate": { "custom_model_data": 1 }, "model": "shieldcity:item/infinity_ingot" },
		{ "predicate": { "custom_model_data": 2 }, "model": "shieldcity:item/upgrade_hammer" },
		{ "predicate": { "custom_model_data": 3 }, "model": "shieldcity:item/air_attack" },
		{ "predicate": { "custom_model_data": 4 }, "model": "shieldcity:item/scrap_copper" },
		{ "predicate": { "custom_model_data": 5 }, "model": "shieldcity:item/scrap_iron" },
		{ "predicate": { "custom_model_data": 6 }, "model": "shieldcity:item/scrap_gold" },
		{ "predicate": { "custom_model_data": 7 }, "model": "shieldcity:item/scrap_netherite" },
		{ "predicate": { "custom_model_data": 8 }, "model": "shieldcity:item/coinpart1" },
		{ "predicate": { "custom_model_data": 9 }, "model": "shieldcity:item/coinpart2" },
		{ "predicate": { "custom_model_data": 10 }, "model": "shieldcity:item/coinpart3" },
		{ "predicate": { "custom_model_data": 11 }, "model": "shieldcity:item/coinpart4" },
		{ "predicate": { "custom_model_data": 12 }, "model": "shieldcity:item/coinpart5" },
		{ "predicate": { "custom_model_data": 13 }, "model": "shieldcity:item/coinpart6" },
		{ "predicate": { "custom_model_data": 14 }, "model": "shieldcity:item/coinpart7" },
		{ "predicate": { "custom_model_data": 15 }, "model": "shieldcity:item/coinpart8" },
		{ "predicate": { "custom_model_data": 16 }, "model": "shieldcity:item/coinpart9" },
		{ "predicate": { "custom_model_data": 17 }, "model": "shieldcity:item/tcoin" },
		{ "predicate": { "custom_model_data": 18 }, "model": "shieldcity:item/crop_failure" },
		{ "predicate": { "custom_model_data": 19 }, "model": "shieldcity:item/nugget_copper" },
		{ "predicate": { "custom_model_data": 20 }, "model": "shieldcity:item/nugget_netherite" },
		{ "predicate": { "custom_model_data": 21 }, "model": "shieldcity:item/empty" }
	]
}