{
    "shieldcity.door-knock-wooden": { "sounds": ["shieldcity/door-knock-wooden"] },
    "shieldcity.door-knock-iron": { "sounds": ["shieldcity/door-knock-iron"] },
    "shieldcity.call-event-nlo": { "sounds": ["shieldcity/call-event-nlo"] },
    "shieldcity.users.day_d.connect1": { "sounds": ["shieldcity/users/day_d/connect1"] },
    "shieldcity.users.day_d.connect2": { "sounds": ["shieldcity/users/day_d/connect2"] },
    "shieldcity.users.day_d.connect3": { "sounds": ["shieldcity/users/day_d/connect3"] },
    "shieldcity.users.day_d.connect4": { "sounds": ["shieldcity/users/day_d/connect4"] },
    "shieldcity.users.day_d.connect5": { "sounds": ["shieldcity/users/day_d/connect5"] },
    "shieldcity.call-event-nlo": { "sounds": ["shieldcity/call-event-nlo"] },
    "shieldcity.snore": { "sounds": ["shieldcity/snore"] },
    "shieldcity.fart1": { "sounds": ["shieldcity/fart1"] },
    "shieldcity.fart2": { "sounds": ["shieldcity/fart2"] },
    "shieldcity.belching1": { "sounds": ["shieldcity/belching1"] },
    "shieldcity.belching2": { "sounds": ["shieldcity/belching2"] },
	"shieldcity.hot-breath": { "sounds": ["shieldcity/hot-breath"] },
	"shieldcity.cold-breath": { "sounds": ["shieldcity/cold-breath"] },
    "bulletbig": { "sounds": ["qguns/bulletbig"] },
    "bulletmedium": { "sounds": ["qguns/bulletmedium"] },
    "bulletsmall": { "sounds": ["qguns/bulletsmall"] },
    "bulletauto": { "sounds": ["qguns/bulletauto"] },
    "reloadbolt": { "sounds": ["qguns/reloadbolt"] },
    "reloadbullet": { "sounds": ["qguns/reloadbullet"] },
    "reloadmagin": { "sounds": ["qguns/reloadmagin"] },
    "reloadmagout": { "sounds": ["qguns/reloadmagout"] },
    "warheadexplode": { "sounds": ["qguns/warheadexplode"] },
    "warheadlaunch": { "sounds": ["qguns/warheadlaunch"] },
    "bulletlazer": { "sounds": ["qguns/bulletlazer"] },
    "flashbang": { "sounds": ["qguns/flashbang"] },
    "chainsmall": { "sounds": ["qguns/chainsmall"] },
    "metalhit": { "sounds": ["qguns/metalhit"] },
    "shockwave": { "sounds": ["qguns/shockwave"] },
    "lazerfire": { "sounds": ["qguns/lazerfire"] },
    "bulletswblaster": { "sounds": ["qguns/bulletswblaster"] },
    "bulletneedler": { "sounds": ["qguns/bulletneedler"] },
    "bullethalolazer": { "sounds": ["qguns/bullethalolazer"] },
    "bulletdeagle": { "sounds": ["qguns/bulletdeagle"] },
    "bulletsmallauto": { "sounds": ["qguns/bulletsmallauto"] },
    "driving": { "sounds": ["qguns/driving"] },
    "driving2": { "sounds": ["qguns/driving2"] },
    "engine": { "sounds": ["qguns/engine"] },
    "carskid": { "sounds": ["qguns/carskid"] },
    "honk": { "sounds": ["qguns/honk"] },
    "siren": { "sounds": ["qguns/siren"] },
    "lightsaberstart": { "sounds": ["qguns/lightsaberstart"] },
    "saberhit": { "sounds": ["qguns/saberhit"] },
    "sithsaberstart": { "sounds": ["qguns/sithsaberstart"] },
    "reloadclick": { "sounds": ["qguns/reloadclick"] },
    "reloadmagclick": { "sounds": ["qguns/reloadmagclick"] },
    "outofammoclick": { "sounds": ["qguns/outofammoclick"] },
    "openbag": { "sounds": ["qguns/openbag"] },
    "partyshot": { "sounds": ["qguns/partyshot"] },
    "thumper": { "sounds": ["qguns/thumper"] },
    "bulletsilence": { "sounds": ["qguns/bulletsilence"] },
    "reloadak47": { "sounds": ["qguns/reloadak47"] },
    "reloadslide": { "sounds": ["qguns/reloadslide"] },
    "bulletmauser": { "sounds": ["qguns/bulletmauser"] },
    "bulletak47": { "sounds": ["qguns/bulletak47"] },
    "reloadfn": { "sounds": ["qguns/reloadfn"] },
    "reloadm16": { "sounds": ["qguns/reloadm16"] },
    "reloadshotgun": { "sounds": ["qguns/reloadshotgun"] },
    "bulletshotgun": { "sounds": ["qguns/bulletshotgun"] },
    "reloadshell": { "sounds": ["qguns/reloadshell"] }
}
