{
    "providers": [
        {
            "type": "bitmap",
            "file": "bbrains:gui/hud/thirst0.png",
            "ascent": -18,
            "height": 15,
            "chars": ["\uE100"]
        },
        {
            "type": "bitmap",
            "file": "bbrains:gui/hud/thirst1.png",
            "ascent": -18,
            "height": 15,
            "chars": ["\uE101"]
        },
        {
            "type": "bitmap",
            "file": "bbrains:gui/hud/thirst2.png",
            "ascent": -18,
            "height": 15,
            "chars": ["\uE102"]
        },
        {
            "type": "bitmap",
            "file": "bbrains:gui/hud/thirst3.png",
            "ascent": -18,
            "height": 15,
            "chars": ["\uE103"]
        },
        {
            "type": "bitmap",
            "file": "bbrains:gui/hud/thirst4.png",
            "ascent": -18,
            "height": 15,
            "chars": ["\uE104"]
        },
        {
            "type": "bitmap",
            "file": "bbrains:gui/hud/thirst5.png",
            "ascent": -18,
            "height": 15,
            "chars": ["\uE105"]
        },
        {
            "type": "bitmap",
            "file": "bbrains:gui/hud/thirst6.png",
            "ascent": -18,
            "height": 15,
            "chars": ["\uE106"]
        },
        {
            "type": "bitmap",
            "file": "bbrains:gui/hud/thirst7.png",
            "ascent": -18,
            "height": 15,
            "chars": ["\uE107"]
        },
        {
            "type": "bitmap",
            "file": "bbrains:gui/hud/thirst8.png",
            "ascent": -18,
            "height": 15,
            "chars": ["\uE108"]
        },
        {
            "type": "bitmap",
            "file": "bbrains:gui/hud/thirst9.png",
            "ascent": -18,
            "height": 15,
            "chars": ["\uE109"]
        },
        {
            "type": "bitmap",
            "file": "bbrains:gui/hud/thirst10.png",
            "ascent": -18,
            "height": 15,
            "chars": ["\uE110"]
        },
        {
            "type": "bitmap",
            "file": "bbrains:gui/hud/food0.png",
            "ascent": -18,
            "height": 15,
            "chars": ["\uE200"]
        },
        {
            "type": "bitmap",
            "file": "bbrains:gui/hud/food1.png",
            "ascent": -18,
            "height": 15,
            "chars": ["\uE201"]
        },
        {
            "type": "bitmap",
            "file": "bbrains:gui/hud/food2.png",
            "ascent": -18,
            "height": 15,
            "chars": ["\uE202"]
        },
        {
            "type": "bitmap",
            "file": "bbrains:gui/hud/food3.png",
            "ascent": -18,
            "height": 15,
            "chars": ["\uE203"]
        },
        {
            "type": "bitmap",
            "file": "bbrains:gui/hud/food4.png",
            "ascent": -18,
            "height": 15,
            "chars": ["\uE204"]
        },
        {
            "type": "bitmap",
            "file": "bbrains:gui/hud/food5.png",
            "ascent": -18,
            "height": 15,
            "chars": ["\uE205"]
        },
        {
            "type": "bitmap",
            "file": "bbrains:gui/hud/food6.png",
            "ascent": -18,
            "height": 15,
            "chars": ["\uE206"]
        },
        {
            "type": "bitmap",
            "file": "bbrains:gui/hud/food7.png",
            "ascent": -18,
            "height": 15,
            "chars": ["\uE207"]
        },
        {
            "type": "bitmap",
            "file": "bbrains:gui/hud/food8.png",
            "ascent": -18,
            "height": 15,
            "chars": ["\uE208"]
        },
        {
            "type": "bitmap",
            "file": "bbrains:gui/hud/food9.png",
            "ascent": -18,
            "height": 15,
            "chars": ["\uE209"]
        },
        {
            "type": "bitmap",
            "file": "bbrains:gui/hud/food10.png",
            "ascent": -18,
            "height": 15,
            "chars": ["\uE210"]
        },
        {
            "type": "bitmap",
            "file": "bbrains:gui/hud/temperature0.png",
            "ascent": -18,
            "height": 15,
            "chars": ["\uE300"]
        },
        {
            "type": "bitmap",
            "file": "bbrains:gui/hud/temperature1.png",
            "ascent": -18,
            "height": 15,
            "chars": ["\uE301"]
        },
        {
            "type": "bitmap",
            "file": "bbrains:gui/hud/temperature2.png",
            "ascent": -18,
            "height": 15,
            "chars": ["\uE302"]
        },
        {
            "type": "bitmap",
            "file": "bbrains:gui/hud/temperature3.png",
            "ascent": -18,
            "height": 15,
            "chars": ["\uE303"]
        },
        {
            "type": "bitmap",
            "file": "bbrains:gui/hud/temperature4.png",
            "ascent": -18,
            "height": 15,
            "chars": ["\uE304"]
        },
        {
            "type": "bitmap",
            "file": "bbrains:gui/hud/temperature5.png",
            "ascent": -18,
            "height": 15,
            "chars": ["\uE305"]
        },
        {
            "type": "bitmap",
            "file": "bbrains:gui/hud/temperature6.png",
            "ascent": -18,
            "height": 15,
            "chars": ["\uE306"]
        },
        {
            "type": "bitmap",
            "file": "bbrains:gui/hud/temperature7.png",
            "ascent": -18,
            "height": 15,
            "chars": ["\uE307"]
        },
        {
            "type": "bitmap",
            "file": "bbrains:gui/hud/temperature8.png",
            "ascent": -18,
            "height": 15,
            "chars": ["\uE308"]
        },
        {
            "type": "bitmap",
            "file": "bbrains:gui/hud/temperature9.png",
            "ascent": -18,
            "height": 15,
            "chars": ["\uE309"]
        },
        {
            "type": "bitmap",
            "file": "bbrains:gui/hud/temperature10.png",
            "ascent": -18,
            "height": 15,
            "chars": ["\uE310"]
        },
        {
            "type": "bitmap",
            "file": "bbrains:gui/hud/heaviness0.png",
            "ascent": -18,
            "height": 15,
            "chars": ["\uE400"]
        },
        {
            "type": "bitmap",
            "file": "bbrains:gui/hud/heaviness1.png",
            "ascent": -18,
            "height": 15,
            "chars": ["\uE401"]
        },
        {
            "type": "bitmap",
            "file": "bbrains:gui/hud/heaviness2.png",
            "ascent": -18,
            "height": 15,
            "chars": ["\uE402"]
        },
        {
            "type": "bitmap",
            "file": "bbrains:gui/hud/heaviness3.png",
            "ascent": -18,
            "height": 15,
            "chars": ["\uE403"]
        },
        {
            "type": "bitmap",
            "file": "bbrains:gui/hud/heaviness4.png",
            "ascent": -18,
            "height": 15,
            "chars": ["\uE404"]
        },
        {
            "type": "bitmap",
            "file": "bbrains:gui/hud/heaviness5.png",
            "ascent": -18,
            "height": 15,
            "chars": ["\uE405"]
        },
        {
            "type": "bitmap",
            "file": "bbrains:gui/hud/heaviness6.png",
            "ascent": -18,
            "height": 15,
            "chars": ["\uE406"]
        },
        {
            "type": "bitmap",
            "file": "bbrains:gui/hud/heaviness7.png",
            "ascent": -18,
            "height": 15,
            "chars": ["\uE407"]
        },
        {
            "type": "bitmap",
            "file": "bbrains:gui/hud/heaviness8.png",
            "ascent": -18,
            "height": 15,
            "chars": ["\uE408"]
        },
        {
            "type": "bitmap",
            "file": "bbrains:gui/hud/heaviness9.png",
            "ascent": -18,
            "height": 15,
            "chars": ["\uE409"]
        },
        {
            "type": "bitmap",
            "file": "bbrains:gui/hud/heaviness10.png",
            "ascent": -18,
            "height": 15,
            "chars": ["\uE410"]
        },
        {
            "type": "bitmap",
            "file": "bbrains:gui/hud/drowsiness0.png",
            "ascent": -18,
            "height": 15,
            "chars": ["\uE500"]
        },
        {
            "type": "bitmap",
            "file": "bbrains:gui/hud/drowsiness1.png",
            "ascent": -18,
            "height": 15,
            "chars": ["\uE501"]
        },
        {
            "type": "bitmap",
            "file": "bbrains:gui/hud/drowsiness2.png",
            "ascent": -18,
            "height": 15,
            "chars": ["\uE502"]
        },
        {
            "type": "bitmap",
            "file": "bbrains:gui/hud/drowsiness3.png",
            "ascent": -18,
            "height": 15,
            "chars": ["\uE503"]
        },
        {
            "type": "bitmap",
            "file": "bbrains:gui/hud/drowsiness4.png",
            "ascent": -18,
            "height": 15,
            "chars": ["\uE504"]
        },
        {
            "type": "bitmap",
            "file": "bbrains:gui/hud/drowsiness5.png",
            "ascent": -18,
            "height": 15,
            "chars": ["\uE505"]
        },
        {
            "type": "bitmap",
            "file": "bbrains:gui/hud/drowsiness6.png",
            "ascent": -18,
            "height": 15,
            "chars": ["\uE506"]
        },
        {
            "type": "bitmap",
            "file": "bbrains:gui/hud/drowsiness7.png",
            "ascent": -18,
            "height": 15,
            "chars": ["\uE507"]
        },
        {
            "type": "bitmap",
            "file": "bbrains:gui/hud/drowsiness8.png",
            "ascent": -18,
            "height": 15,
            "chars": ["\uE508"]
        },
        {
            "type": "bitmap",
            "file": "bbrains:gui/hud/drowsiness9.png",
            "ascent": -18,
            "height": 15,
            "chars": ["\uE509"]
        },
        {
            "type": "bitmap",
            "file": "bbrains:gui/hud/drowsiness10.png",
            "ascent": -18,
            "height": 15,
            "chars": ["\uE510"]
        },
        {
            "type": "bitmap",
            "file": "bbrains:gui/hud/health0.png",
            "ascent": -18,
            "height": 15,
            "chars": ["\uE600"]
        },
        {
            "type": "bitmap",
            "file": "bbrains:gui/hud/health1.png",
            "ascent": -18,
            "height": 15,
            "chars": ["\uE601"]
        },
        {
            "type": "bitmap",
            "file": "bbrains:gui/hud/health2.png",
            "ascent": -18,
            "height": 15,
            "chars": ["\uE602"]
        },
        {
            "type": "bitmap",
            "file": "bbrains:gui/hud/health3.png",
            "ascent": -18,
            "height": 15,
            "chars": ["\uE603"]
        },
        {
            "type": "bitmap",
            "file": "bbrains:gui/hud/health4.png",
            "ascent": -18,
            "height": 15,
            "chars": ["\uE604"]
        },
        {
            "type": "bitmap",
            "file": "bbrains:gui/hud/health5.png",
            "ascent": -18,
            "height": 15,
            "chars": ["\uE605"]
        },
        {
            "type": "bitmap",
            "file": "bbrains:gui/hud/health6.png",
            "ascent": -18,
            "height": 15,
            "chars": ["\uE606"]
        },
        {
            "type": "bitmap",
            "file": "bbrains:gui/hud/health7.png",
            "ascent": -18,
            "height": 15,
            "chars": ["\uE607"]
        },
        {
            "type": "bitmap",
            "file": "bbrains:gui/hud/health8.png",
            "ascent": -18,
            "height": 15,
            "chars": ["\uE608"]
        },
        {
            "type": "bitmap",
            "file": "bbrains:gui/hud/health9.png",
            "ascent": -18,
            "height": 15,
            "chars": ["\uE609"]
        },
        {
            "type": "bitmap",
            "file": "bbrains:gui/hud/health10.png",
            "ascent": -18,
            "height": 15,
            "chars": ["\uE610"]
        }
    ]
}