{
    "providers": [
        {
            "type": "bitmap",
            "file": "shieldcity:gui/thirst/icon0.png",
            "ascent": -15,
            "height": 8,
            "chars": ["\uE000"]
        },
        {
            "type": "bitmap",
            "file": "shieldcity:gui/thirst/icon1.png",
            "ascent": -15,
            "height": 8,
            "chars": ["\uE001"]
        },
        {
            "type": "bitmap",
            "file": "shieldcity:gui/thirst/icon2.png",
            "ascent": -15,
            "height": 8,
            "chars": ["\uE002"]
        }
    ]
}